id,domain,mechanism,definition,formula,integration,validation
M198,Pattern geometry,Superellipse (Lame curve),Parametric constant-exponent family |x/a|^n + |y/b|^n = 1 with explicit sign restoration.,x=a*sgn(cos t)|cos t|^(2/n); y=b*sgn(sin t)|sin t|^(2/n),"Pattern primitive; may define support, route boundary or swept profile.",Implemented + tested
M199,Pattern geometry,Gielis superformula,"Bounded radial pattern grammar that generalizes circles, polygons, stars and lobed forms.",r=(|cos(m t/4)/a|^n2 + |sin(m t/4)/b|^n3)^(-1/n1),Versioned parameter tuple; denominator floor prevents singular numerical blow-up.,Implemented + tested
M200,Pattern geometry,Rose curve,Polar harmonic petal pattern with integer or rational angular frequency.,r=a cos(k t),Periodic support/template; winding and event surfaces remain separately typed.,Implemented + tested
M201,Pattern geometry,Lissajous curve,Two-axis harmonic pattern with declared frequencies and phase offset.,x=A sin(a t+delta); y=B sin(b t),"Kinematic test path, phase compatibility probe or calibration trajectory.",Implemented + tested
M202,Pattern geometry,Epitrochoid,Point attached to a circle rolling outside another circle.,x=(R+r)cos t-d cos((R+r)t/r); y=(R+r)sin t-d sin((R+r)t/r),Closed periodic route when radius ratio is rational; otherwise bounded quasi-periodic sample.,Implemented + tested
M203,Pattern geometry,Hypotrochoid,Point attached to a circle rolling inside another circle.,x=(R-r)cos t+d cos((R-r)t/r); y=(R-r)sin t-d sin((R-r)t/r),Pattern route with cusp/self-intersection events classified by derivative and sheet.,Implemented + tested
M204,Pattern geometry,Cycloid,Trace of a point on a circle rolling along a line.,x=r(t-sin t); y=r(1-cos t),Exact benchmark trajectory for cusp and contact events.,Implemented + tested
M205,Pattern geometry,General trochoid,Rolling-circle trace with point offset d distinct from radius r.,x=r t-d sin t; y=r-d cos t,Prolate/curtate transition controlled by d/r and classified at d=r.,Implemented + tested
M206,Pattern geometry,Circle involute,Taut-string unwrapping curve with monotonic arc parameter.,x=r(cos t+t sin t); y=r(sin t-t cos t),Gear/contact profile and nonuniform curvature benchmark.,Implemented + tested
M207,Pattern geometry,Catenary,"Static hanging-chain profile retained as a bounded mechanical shape, not a generic parabola.",y=a cosh((x-x0)/a)+y0,Constraint shape or potential-energy equilibrium reference.,Implemented + tested
M208,Pattern geometry,Clothoid / Euler spiral,Curve whose curvature changes linearly with arc length.,kappa(s)=s/A^2; x=integral cos(u^2/2A^2)du; y=integral sin(u^2/2A^2)du,Curvature-continuous route connector and steering transition.,Implemented numerically + tested
M209,Pattern geometry,Fermat spiral,Square-root radial spiral with explicit branch sign.,"r=a sqrt(|t|), branch selects sign/phase",Two-arm address pattern and bounded sample schedule.,Implemented + tested
M210,Pattern geometry,Archimedean spiral,Linear radial growth under angular phase.,r=a+b t,Uniform shell-crossing benchmark and address sweep.,Implemented + tested
M211,Pattern geometry,Rational quadratic Bezier conic,Three control points with middle weight representing exact conic arcs under valid weights.,B(t)=[(1-t)^2P0+2w t(1-t)P1+t^2P2]/[(1-t)^2+2w t(1-t)+t^2],Conic-support primitive with denominator guard and schema-bound weight.,Implemented + tested
M212,Pattern geometry,Cubic Bezier segment,Four-point polynomial curve with endpoint tangent control.,B(t)=(1-t)^3P0+3(1-t)^2tP1+3(1-t)t^2P2+t^3P3,"Glyph morph, route segment and local sweep centerline.",Implemented + tested
M213,Pattern geometry,Open-uniform B-spline,Piecewise polynomial curve with local control and declared degree/knot vector.,"C(t)=sum_i N_i,p(t) P_i",Finite grammar output normalized to bounded control points and degree.,Implemented + tested
M214,Pattern geometry,NURBS curve,Rational B-spline with explicit positive weights and knot vector.,"C(t)=sum_i N_i,p w_i P_i / sum_i N_i,p w_i",Exact/approximate CAD-style route with denominator and weight validation.,Implemented + tested
M215,Pattern geometry,Reuleaux constant-width profile,Three circular arcs producing a convex constant-width curve.,Boundary assembled from radius-w arcs centered at equilateral-triangle vertices.,Constant-clearance support profile and rotation benchmark.,Implemented sampler + tested
M216,Pattern geometry,Voronoi / power-cell selector,Nearest-site partition generalized by additive site weights.,argmin_i ||x-s_i||^2-w_i,Compatibility/routing partition compiled to local candidate tests.,Implemented + tested
M217,Pattern geometry,Medial-axis skeletal approximation,Centerline candidates derived from equal-distance pairs or sampled boundary normals.,"d(x,A)=d(x,B) with local maximality condition",Compressed shape skeleton; approximation status and sampling density are logged.,Implemented sampled helper + tested
M218,Field/surface geometry,Superquadric implicit field,Exponent-controlled 3D generalization of ellipsoids and box-like rounded solids.,((|x/a|^(2/e2)+|y/b|^(2/e2))^(e2/e1)+|z/c|^(2/e1))-1,Implicit event/support field; not automatically an exact Euclidean SDF.,Implemented + tested
M219,Field/surface geometry,Anisotropic ellipsoid field,Quadratic form with positive scales or covariance-like metric.,"f(x)=x^T A x-1, A positive definite",Directional guard/support with explicit metric and conditioning checks.,Implemented + tested
M220,Field/surface geometry,Swept tube field,Distance-to-centerline field minus radius using a sampled or analytic curve.,f(x)=min_s ||x-c(s)||-r(s),"Cable, vessel, wormhole-route visualization or collision support; sampled error is declared.",Implemented sampled + tested
M221,Field/surface geometry,Generalized cylinder / profile sweep,Cross-section transported along a centerline with an explicit moving frame.,"X(s,u,v)=c(s)+u e1(s)+v e2(s)",Pattern extrusion using Frenet or Bishop frame; frame choice is schema-bound.,Implemented helper + example
M222,Field/surface geometry,Ruled surface,Surface formed by linearly connecting corresponding points on two curves.,"X(u,v)=(1-v)c0(u)+v c1(u)","Portal sheet, transition membrane or developable approximation.",Implemented + tested
M223,Field/surface geometry,Helicoid,Ruled minimal-surface family generated by screw motion.,"X(u,v)=(v cos u,v sin u,p u)",Screw-symmetry route/sheet example; physical minimality is not assumed in discrete realization.,Implemented + tested
M224,Field/surface geometry,Catenoid,Surface of revolution of a catenary.,"X(u,v)=(a cosh(v/a)cos u,a cosh(v/a)sin u,v)",Neck/pinch geometry with finite guard and no singular-energy claim.,Implemented + tested
M225,Field/surface geometry,Gyroid periodic field,Triply periodic implicit pattern used as a bounded field template.,sin x cos y + sin y cos z + sin z cos x = c,Periodic support/route field; topology depends on threshold and finite domain.,Implemented + tested
M226,Field/surface geometry,Schwarz-P periodic field,Triply periodic cosine field serving as a connected-sheet template.,cos x+cos y+cos z=c,Field grammar primitive with threshold and cell count explicitly bounded.,Implemented + tested
M227,Field/surface geometry,Metaball / R-function blend,Smooth influence-field combination with explicit compact or inverse-distance kernel.,f(x)=sum_i w_i phi(||x-c_i||)-tau,Merge/split event benchmark; kernel support and saturation are declared.,Implemented compact kernel + tested
M228,Field/surface geometry,Morphological offset / dilation,Parallel-set transform expressed as a field offset when the input is distance-like.,f_delta(x)=f(x)-delta,"Guard expansion, tolerance shell and manufacturing clearance; exact only for valid distance fields.",Implemented + tested
M229,Field/surface geometry,Wavefront / eikonal arrival field,Arrival-time field under a declared local propagation speed.,|grad T|=1/c(x); constant-c case T=distance/c,Event-time support primitive; variable-speed solver is specified separately.,Implemented constant-speed + tested
M230,Topology,Winding number / degree tag,Integer-valued enclosure/orientation descriptor for closed planar routes.,w=(1/2pi) integral d arg(gamma(t)-x),Inside/outside and route class metadata without collapsing geometry to a bit.,Implemented polygonal + tested
M231,Topology,Covering-space lift,Unwrapped coordinate retains traversal count across periodic quotient boundaries.,theta_lift=theta+2pi k,Prevents ambiguity at repeated coordinates and supports lineage reconstruction.,Implemented + tested
M232,Topology,Homotopy-class route label,Route label stores obstacle winding/signature rather than only endpoint coordinates.,"h=(w1,...,wn) for declared obstacle generators",Compatibility and branch selection may require matching or allowed classes.,Implemented descriptor + tested
M233,Topology,Braid-word transition,Ordered crossings represented by generators sigma_i and inverses with local cancellation.,... sigma_i sigma_i^-1 ... -> identity,Multi-entity route lineage; word length is bounded and reduction policy explicit.,Implemented reducer + tested
M234,Topology,Knot/link checksum,Optional low-cost invariant or numerical linking estimate for closed route pairs.,Gauss linking integral or declared discrete approximation,Diagnostic checksum only; not complete knot identity and not used as sole authority.,Specified; numerical certification pending
M235,Topology,Cell-complex incidence,"Vertices, edges, faces and cells connected through oriented incidence maps.",boundary_k: C_k -> C_(k-1),Topology storage independent of embedding; supports local gluing and route updates.,Implemented boundary matrices + tested
M236,Topology,Boundary/coboundary update,Topology transition updates primal incidence and dual cochain state consistently.,boundary_(k-1) boundary_k = 0,Validation rejects edits violating boundary-of-boundary zero.,Implemented invariant check + tested
M237,Topology,Discrete Morse critical event,Cell pairing identifies local critical cells where topology/routing may change.,Unpaired cells are critical under a declared matching.,Event candidate for simplification or handle birth/death; matching is explicit.,Implemented descriptor + example
M238,Topology,Persistent-homology summary,Birth/death intervals summarize bounded filtration changes.,"barcode={(birth_i,death_i,dimension_i)}",Diagnostic feature vector; does not replace full geometry or lineage.,Specified exchange format; solver not bundled
M239,Topology,Atlas transition cocycle,Overlapping chart maps are checked for consistent composition.,g_ij g_jk = g_ik on triple overlaps,Prevents incompatible portal/gluing definitions in multi-chart worlds.,Implemented matrix check + tested
M240,Kinematic calculus,SE(2) rigid transform and twist,Planar position/orientation update represented by the exponential of a body twist.,"T(t)=exp(t [v_x,v_y,omega]^)",Exact constant-twist state_at(t) and portal patch primitive.,Implemented + tested
M241,Kinematic calculus,SE(3) twist exponential,Spatial rigid motion generated by angular and linear velocity.,"T=exp([omega,v]^ t) with Rodrigues rotation and V matrix","Constant screw motion, frame transport and analytic state query.",Implemented + tested
M242,Kinematic calculus,Quaternion SLERP,Shortest-arc interpolation of unit orientations with antipodal handling.,q(t)=sin((1-t)theta)/sin theta q0 + sin(t theta)/sin theta q1,Orientation interpolation separate from position and topology.,Implemented + tested
M243,Kinematic calculus,Screw interpolation (SE(3) geodesic),Interpolate through the relative rigid transform log/exponential rather than independent Euler angles.,T(t)=T0 exp(t log(T0^-1 T1)),Portal/coupler motion with consistent rotation-translation coupling.,Implemented + tested
M244,Kinematic calculus,Frenet-Serret moving frame,"Tangent, normal and binormal derived from nondegenerate curve derivatives.",T=r'/|r'|; B=(r' x r'')/|r' x r''|; N=B x T,Curvature/torsion diagnostics and sweep orientation where curvature is nonzero.,Implemented + tested
M245,Kinematic calculus,Bishop parallel-transport frame,Rotation-minimizing frame transported along a sampled curve.,"Project previous normal into new tangent plane, then renormalize.",Stable sweep frame through near-zero-curvature segments.,Implemented + tested
M246,Kinematic calculus,Arc-length reparameterization,Monotone lookup maps path parameter to cumulative distance and back.,s(t)=integral_0^t |r'(u)|du,Uniform-speed queries and event bracketing with declared interpolation error.,Implemented sampled + tested
M247,Kinematic calculus,Curvature-limited steering,Speed and angular rate constrained by path curvature and lateral acceleration.,"omega=v kappa; v<=sqrt(a_lat_max/max(|kappa|,eps))",Feasible trajectory gate before event solving.,Implemented + tested
M248,Kinematic calculus,Jerk-bounded quintic S-curve,"Endpoint-rest time law with continuous position, velocity and acceleration.","s(u)=10u^3-15u^4+6u^5, u in [0,1]",Smooth phase/route actuation; peak derivatives determine duration contract.,Implemented + tested
M249,Kinematic calculus,Limit-aware time scaling,"Choose trajectory duration so normalized velocity, acceleration and jerk stay within declared limits.","T=max(D*v_peak/vmax, sqrt(D*a_peak/amax), cbrt(D*j_peak/jmax))",Bounded schedule; not claimed globally time-optimal for arbitrary paths.,Implemented + tested
M250,Kinematic calculus,Articulated-chain forward kinematics,Compose joint transforms to obtain link and endpoint frames.,T_end=product_i T_i(q_i),Finite grammar may emit link chains; state query returns all frames and lineage.,Implemented planar chain + tested
M251,Kinematic calculus,Jacobian damped least-squares IK,Regularized local inverse step avoids singular matrix blow-up.,Delta q=J^T(JJ^T+lambda^2 I)^-1 e,"Optional solver with residual, iteration budget and failure status.",Implemented planar chain + tested
M252,Dynamics and events,Symplectic / semi-implicit integration,Velocity is updated before position for improved qualitative energy behavior in separable mechanics.,v_(n+1)=v_n+a(x_n)dt; x_(n+1)=x_n+v_(n+1)dt,Fallback dynamic state update; timestep and error budget remain explicit.,Implemented + tested
M253,Dynamics and events,Damped second-order mode,"Mass-spring-damper evolution with typed mass, stiffness and damping.",m x''+c x'+k x=f(t),"Actuator, hinge or threshold reset dynamics; energy bookkeeping is measurable.",Implemented + tested
M254,Dynamics and events,Graph-Laplacian diffusion / coupled modes,Local state exchange over an explicit adjacency graph.,x'=-alpha L x or x''+C x'+Kx=0,"Phase smoothing, consensus or coupled oscillation without hidden global field.",Implemented first-order diffusion + tested
M255,Dynamics and events,Reaction-diffusion pattern dynamics,Two-field local reaction plus diffusion update on a bounded grid or graph.,Gray-Scott: U_t=D_u Lap U-UV^2+F(1-U); V_t=D_v Lap V+UV^2-(F+k)V,Dynamic pattern generator kept downstream of typed field/state schema.,Implemented grid step + tested
M256,Dynamics and events,Hybrid automaton continuous/discrete dynamics,Each mode has a continuous flow; guard crossings invoke discrete reset and route changes.,"x'=f_m(x); if g_(m,n)(x)=0 then x^+=R_(m,n)(x)","Generalizes threshold cup, parity hinge and event transition into a typed model.",Implemented reference class + tested
M257,Dynamics and events,Event degeneracy and simultaneity resolver,"Classify crossing, tangency and coincidence; resolve equal-time patches by priority or verified commutativity.","Use sign history, derivative, residual interval and patch-conflict graph.","Prevents chatter, unordered lineage and silent overwrite at multi-guard events.",Implemented classifier/resolver + tested
M258,Scene and assets,Stable asset identity,"Asset identity is a stable schema identifier separate from node identity, coordinates and lineage.","asset=(asset_id, content_hash, schema_hash, payload)",Allows one immutable asset to be instanced by many scene nodes.,Implemented + tested
M259,Scene and assets,Content-addressed asset hash,Canonical mesh/material/source metadata are hashed so derived geometry can be cached and compared.,h_asset=SHA256(canonical(asset_payload)),Cache key and integrity check; not a legal or cryptographic identity claim.,Implemented + tested
M260,Scene and assets,Scene-node transform hierarchy,Nodes form an explicit parent-child transform graph with local and world transforms.,T_world(n)=T_world(parent(n))*T_local(n),Supports conventional scene composition while UGTS events remain authoritative for changes.,Implemented + tested
M261,Scene and assets,Hierarchy cycle rejection,Parent edits are accepted only when the scene graph remains acyclic.,parent walk must not revisit a node,Prevents undefined world transforms and recursive editor corruption.,Implemented + tested
M262,Scene and assets,Asset-instance separation,"Mesh/material assets are immutable payloads; nodes carry transform, visibility, tags and lineage.","instance=(node_id, asset_id, local_transform, tags, lineage)",Allows reuse and streaming without treating render meshes as identity.,Implemented + tested
M263,Scene and assets,Layered scene opinions,Ordered layers may override declared node fields without destructively rewriting the base scene.,"composed(n)=fold_layers(base(n), opinions(n))",Reference form of non-destructive authoring and variant overrides.,Implemented + tested
M264,Scene and assets,Coordinate-system declaration,"Every scene declares up axis, handedness and working coordinate convention.","coordinate_contract=(up_axis, handedness, units_per_meter)","Prevents silent axis flips across engine, glTF, USD and XR adapters.",Implemented + tested
M265,Scene and assets,Unit and time-base declaration,"Linear scale, time unit and working color space are schema fields.","metadata=(units_per_meter,time_unit,working_color_space)",Separates authored values from implicit engine defaults.,Implemented + tested
M266,Scene and assets,Streaming-region membership,World bounds map deterministically to one or more spatial cells.,cell(p)=floor(p/cell_size),Supplies world partition and asynchronous loading keys.,Implemented + tested
M267,Scene and assets,Schema migration record,Version changes append an explicit from/to migration entry and description.,"migration=(from_version,to_version,operation)",Makes save-game and asset upgrades inspectable and replay-safe.,Implemented + tested
M268,Geometry compilation,Adaptive cubic-curve tessellation,Cubic Bezier segments subdivide until a declared flatness tolerance or depth limit is reached.,"flatness=max(dist(P1,line P0P3),dist(P2,line P0P3)) <= epsilon",Produces render/collision polylines from authoritative curves.,Implemented + tested
M269,Geometry compilation,Dual simulation and presentation error contract,"Derived geometry records independent world, collision, screen-space and normal error budgets.","error=(e_world,e_collision,e_pixels,e_normal,topology_status)",Prevents visually acceptable meshes from silently redefining event geometry.,Implemented + tested
M270,Geometry compilation,Even-odd and nonzero fill rules,Closed 2D paths use an explicitly selected winding rule for interior classification.,inside_evenodd = crossing_count mod 2; inside_nonzero = winding != 0,"Supports vector fills, guards and hit regions without ambiguous self-intersections.",Implemented + tested
M271,Geometry compilation,Stroke expansion,An open polyline is compiled to a ribbon mesh with explicit width and join policy.,v_i^+/- = p_i +/- (width/2)*n_i,Reference path-to-triangle conversion for editor and runtime previews.,Implemented + tested
M272,Geometry compilation,Swept tube mesh,A profile ring is swept along a sampled 3D path to form a triangle mesh.,v_ij=p_i+r(cos(theta_j)N_i+sin(theta_j)B_i),Makes 2.0 curve families renderable and exportable.,Implemented + tested
M273,Geometry compilation,Parallel-transport sweep frames,Rotation-minimizing tangent/normal/binormal frames orient profiles across low-curvature sections.,"N_i=normalize(N_(i-1)-T_i dot(N_(i-1),T_i)); B_i=T_i x N_i",Avoids Frenet flips at near-zero curvature.,Implemented + tested
M274,Geometry compilation,Implicit-field grid sampling,A bounded 3D lattice samples a declared scalar field and iso value.,"s_ijk=f(x_i,y_j,z_k)-iso",Input stage for deterministic field-to-mesh compilation.,Implemented + tested
M275,Geometry compilation,Marching-tetrahedra meshing,Each voxel cube is decomposed into tetrahedra and crossing edges are triangulated.,"p_cross=lerp(p_a,p_b,(iso-f_a)/(f_b-f_a))",Reference isosurface compiler with bounded resolution and no hidden raymarch loop.,Implemented + tested
M276,Geometry compilation,Field-gradient normal generation,Analytic gradients are preferred; finite differences supply a bounded fallback.,n=normalize(grad f); grad_x approx (f(x+h)-f(x-h))/(2h),Supplies lighting orientation and diagnostic residuals.,Implemented + tested
M277,Geometry compilation,Sweep UV generation,Tube vertices receive angular and cumulative-length coordinates.,u=j/sides; v=arc_length_i/total_length,Provides stable procedural material coordinates.,Implemented + tested
M278,Geometry compilation,Collision proxy generation,A derived axis-aligned proxy mesh is emitted from authoritative bounds.,proxy=AABB(mesh),Allows inexpensive broad-phase and fallback collision.,Implemented + tested
M279,Geometry compilation,Reference mesh LOD hierarchy,Triangle subsets form deterministic lower-detail previews with explicit topology-preservation status.,N_lod=round(ratio*N_triangles),Reference only; production simplification must preserve application error contracts.,Implemented + tested (reference)
M280,Spatial and streaming,Axis-aligned bounding box contract,Each renderable or support volume may expose finite minimum/maximum bounds.,"AABB=[xmin,xmax]x[ymin,ymax]x[zmin,zmax]","Common currency for culling, broad phase and streaming.",Implemented + tested
M281,Spatial and streaming,Oriented-bound proxy contract,An optional local frame and half-extents describe tighter oriented bounds.,"OBB=(center,axes,half_extents)",Specified for production adapters; reference runtime falls back to AABB.,Specified; not implemented
M282,Spatial and streaming,Deterministic BVH construction,A median split along the longest axis builds an inspectable hierarchy.,axis=argmax(extent); split=median(center_axis),Conventional acceleration complements UGTS support predicates.,Implemented + tested
M283,Spatial and streaming,Support-aware broad phase,BVH overlap results pass through local-support predicates before exact relation work.,candidates=BVH(query) intersect support_ok,Preserves the canonical support -> compatibility -> guard order.,Implemented + tested
M284,Spatial and streaming,Frustum visibility query,AABB positive vertices are tested against declared view planes.,"visible iff dot(n,p_positive)+d >= 0 for all planes",Downstream view selection only; visibility does not change identity.,Implemented + tested
M285,Spatial and streaming,Ray and picking query,Slab intervals return ordered AABB ray candidates.,t_axis=(bound-origin)/direction; intersect intervals,Editor picking and coarse interaction support.,Implemented + tested
M286,Spatial and streaming,World streaming cells,Object bounds enumerate every intersected regular-grid cell.,"cells(AABB)=Cartesian range(floor(min/s),floor(max/s))",Reference partition key for load/unload policies.,Implemented + tested
M287,Spatial and streaming,Per-user interest set,Spatial overlap and required tags define a player/client interest set.,interest={e: bounds(e) intersects query and tags_required subset tags(e)},Supports replication and streaming scope.,Implemented + tested
M288,Spatial and streaming,Culling reason codes,"Every rejected item reports frustum, support or compatibility cause.","reason in {outside_frustum,outside_support,incompatible,visible}",Makes editor and performance diagnostics actionable.,Implemented + tested
M289,GPU and rendering,Pattern-opcode dispatch,Versioned numeric opcodes select pattern/field evaluators in coherent shader batches.,evaluator=dispatch[opcode],GPU target keeps the 2.0 parameterized operator model.,Shader contract supplied
M290,GPU and rendering,Parameter-buffer reference,Instances store aligned offsets into a validated parameter buffer rather than inflating every hot record.,params=buffer[param_offset:param_offset+param_count],Supports compact instancing and schema hashing.,Shader contract supplied
M291,GPU and rendering,Derivative availability flags,"Bit flags declare analytic position, tangent, curvature, gradient or Hessian support.",flags & DERIVATIVE_*,Missing derivatives select a declared numerical path.,Shader contract supplied
M292,GPU and rendering,Render-graph resource contract,"Passes declare read/write resources, queue class and dependency edges.","render_graph=(passes,resources,barriers)",Specified bridge from query results to raster/compute presentation.,Specified; not executed
M293,GPU and rendering,GPU-driven draw-list contract,Visible instances may be compacted into indirect draw or mesh-dispatch commands.,draws=compact(visible and lod_selected),Production target; CPU reference emits ordinary SVG triangles.,Specified; not executed
M294,GPU and rendering,GPU event proposal buffer,"GPU kernels may append bounded event proposals with residual, status and confidence.","proposal=(time,entity,guard,error,confidence,source)",Gameplay state is not committed by an unchecked shader write.,Specified + runtime schema
M295,GPU and rendering,Deterministic authoritative commit boundary,"Verified proposals are ordered by time, priority, source and proposal ID before state patches.","sort_key=(event_time,-priority,source,proposal_id)",Separates parallel detection from authoritative lineage change.,Implemented + tested
M296,GPU and rendering,Vulkan backend profile,"Native target declares Vulkan 1.4-compatible resource, shader and timestamp contracts.",backend=vulkan; physical_gpu_claim requires named device metrics,No physical-GPU benchmark is claimed by this package.,Specified only
M297,GPU and rendering,WebGPU/WGSL portability profile,Portable target expresses compute and presentation kernels in WGSL-compatible layouts.,backend=webgpu; shader_language=WGSL,Prototype shader supplied; browser/device execution remains target-specific.,Prototype supplied
M298,GPU and rendering,CPU SVG reference renderer,"A deterministic camera, painter-order triangle pass and preview shader emit inspectable SVG.",project(p)=focal*(camera_space.xy/camera_space.z),"Regression oracle and demonstrator, not a production renderer.",Implemented + tested
M299,Materials and color,Typed metallic-roughness PBR material,"Base color, metallic, roughness, emissive and alpha mode have bounded ranges.","material=(baseColor,metallic,roughness,emissive,alphaMode)",Maps directly to common runtime asset conventions.,Implemented + tested
M300,Materials and color,Procedural pattern coordinates,"Material graphs may read phase, curvature, arc length, sheet or pattern coordinates.",presentation_value=graph(pattern_context),Allows 2.0 patterns to drive masks and appearance.,Implemented + tested
M301,Materials and color,Acyclic material graph,"Small typed nodes evaluate constants, patterns, add, multiply, mix and clamp operations.",value(node)=op(value(inputs)),Reference graph with explicit cycle rejection.,Implemented + tested
M302,Materials and color,Material authority boundary,Material evaluation is presentation-only and cannot mutate authoritative substrate state.,material_output -> pixels; state change -> guard/event only,Preserves the core reading rule.,Specified + enforced by API shape
M303,Materials and color,Light and shadow contract,"Lights declare kind, direction/color/intensity and shadow intent.","light=(kind,pose,color,intensity,casts_shadow)",Reference renderer implements one directional preview light; production shadows remain downstream.,Partially implemented
M304,Materials and color,HDR exposure and tone mapping,Scene-linear color is exposed and mapped through declared preview operators.,c_exposed=2^EV*c; c_out=tone_map(c_exposed),Makes output transforms reproducible.,Implemented + tested
M305,Materials and color,OCIO and ACES metadata target,Color-pipeline records may name an OCIO configuration and ACES profile/view.,"color_contract=(working_space,display,view,config,profile)",Interchange target only; this package does not bundle an OCIO runtime.,Metadata specified
M306,Materials and color,Transparency policy,"Opaque, mask and blend modes are explicit material states.","alpha_mode in {OPAQUE,MASK,BLEND}",Prevents implicit ordering and collision semantics.,Implemented + tested
M307,Game runtime and animation,Fixed simulation clock separation,Authoritative simulation advances in fixed dt while input and presentation may use separate clocks.,t_tick=n*dt_fixed,Makes rollback and event ordering explicit.,Implemented + tested
M308,Game runtime and animation,ECS component mapping,"Scene, support, relation, motion, interaction and lineage data map to explicit engine components.","entity -> {Transform,Asset,Support,Compatibility,Lineage,...}",Adapter contract; no engine-specific fork is authoritative.,Specified
M309,Game runtime and animation,Skeletal hierarchy contract,Joints form an acyclic transform hierarchy with inverse-bind and pose data.,p_skinned=sum_i w_i T_joint_i B_i^-1 p_rest,Production animation extension; no skinned character is bundled.,Specified
M310,Game runtime and animation,Animation state-machine contract,"Clips, blend states and guarded transitions carry versioned event labels.","state_next=transition(state,guard,event)",Animation events use the same event authority boundary.,Specified
M311,Game runtime and animation,IK and maintained-constraint bridge,The 2.0 damped least-squares IK operator is connected to explicit joint-limit/constraint status.,delta_q=J^T(JJ^T+lambda^2 I)^-1 e,2.0 reference implementation retained; 3D production constraints remain application-specific.,Inherited implementation + specified bridge
M312,Game runtime and animation,Conventional rigid-body fallback,Unsupported contacts and dense constraints may be delegated to a conventional physics solver.,unsupported_relation -> physics_adapter,Prevents the event substrate from pretending to replace general contact mechanics.,Specified boundary
M313,Game runtime and animation,Impact versus persistent constraint split,"Crossing/impact produces an event; resting contact, joint and grasp use maintained constraints.",impact -> event; contact_interval -> constraint_mode,Avoids infinite coincident-event emission.,Specified boundary
M314,Game runtime and animation,Character sweep-controller contract,"Capsule/shape sweeps return travel fraction, normal, support and compatibility status.",hit=min valid TOI along displacement,Target interface for playable movement.,Specified; not implemented
M315,Two-hand interaction,Typed hand state,"Each hand records side, wrist pose, joints, radii, confidence, tracking state, source and timestamp.","HandState=(side,wrist,joints,radii,confidence,status,time)","Input adapter boundary for XR, mocap or desktop emulation.",Implemented + tested
M316,Two-hand interaction,Pinch hysteresis,Separate enter and exit distances prevent noisy pinch chatter.,"enter if d<=d_enter; exit if d>=d_exit, d_exit>d_enter",Produces guarded interaction state with reason codes.,Implemented + tested
M317,Two-hand interaction,Bimanual midpoint frame,The pair midpoint is the translation anchor for cooperative transforms.,m=(p_left+p_right)/2,Stable pair frame independent of world origin.,Implemented + tested
M318,Two-hand interaction,Bimanual scale,Object scale follows current hand separation relative to anchor separation within clamps.,"s=clamp(||r-l||/||r0-l0||,s_min,s_max)",Supports direct two-hand sizing with a declared degeneracy policy.,Implemented + tested
M319,Two-hand interaction,Bimanual twist and alignment,Shortest-axis alignment combines with averaged wrist twist around the current pair axis.,q=q_twist*q_align; q_align maps a0 to a1,Provides rotation without Euler-angle discontinuities.,Implemented + tested
M320,Two-hand interaction,Cooperative grab ownership,One- and two-hand ownership transitions are an explicit state machine.,none -> one -> two -> one -> none,"Supports join, release and simultaneous-grab events.",Implemented + tested
M321,Two-hand interaction,Handover lineage event,"When one hand releases a two-hand object, ownership persists under the remaining hand with a lineage label.","owners={L,R}->{R} emits handover",Preserves interaction ancestry instead of silently changing controller.,Implemented + tested
M322,Two-hand interaction,Tracking confidence and desktop fallback,Low-confidence/untracked poses reject transforms; cursor input can emulate the same schema.,accepted=tracked and confidence>=floor,Makes XR optional and keeps tests reproducible.,Implemented + tested
M323,"Networking, editor and validation",Authoritative event sequence,Every committed event receives a monotonic sequence number and pre/post state hashes.,sequence_next=sequence+1,Replication and editor timelines use the same ordering.,Implemented + tested
M324,"Networking, editor and validation",Checkpoint and rollback,Runtime snapshots are hashed and later events can be replayed from the nearest checkpoint.,state_k=checkpoint_j + replay(events j+1..k),Reference rollback path for deterministic profiles.,Implemented + tested
M325,"Networking, editor and validation",Deterministic canonical state hash,"Canonical JSON over schema, scene and runtime counters produces a comparison digest.",h_state=SHA256(canonical(state)),Divergence detector; digest is not a replacement for full state.,Implemented + tested
M326,"Networking, editor and validation",Schema and asset negotiation,"Peers exchange schema version, mechanism support and asset hashes before authoritative replay.",compatible_peer=schemas_match and required_assets_available,Production networking contract.,Specified
M327,"Networking, editor and validation",Editor diagnostics and inspector records,"Scene audits, event timelines, culling reasons, lineage edges and runtime metrics are machine-readable.","diagnostic=(severity,code,subject,message,metrics)",Makes hidden support/guard/lineage state inspectable.,Implemented + tested
M328,"Networking, editor and validation",Replay divergence detection,Replay stops at the first sequence whose expected and actual state hashes differ.,divergence=min{k: h_expected(k)!=h_actual(k)},Prevents silent cross-platform desynchronization.,Implemented + tested
M329,"Networking, editor and validation",Physical-GPU benchmark promotion gate,"GPU performance claims require a named physical device, driver, workload, precision and equal-error baseline.",promote_claim iff physical_gpu and metrics_complete and oracle_match,Retains the 1.1/2.0 evidence boundary.,Acceptance gate; not claimed
M330,Vector art,Serializable vector asset record,"A vector asset groups stable identity, logical size, pivot, paths, gradients and metadata in a JSON-compatible record.","asset=(id,size,pivot,paths,gradients,metadata)","Shared authoring record for Python, SVG and browser Canvas output.",Implemented + tested
M331,Vector art,Typed path command grammar,"Path geometry is expressed by move, line, quadratic, cubic and close commands with fixed arity.","cmd in {M2,L2,Q4,C6,Z0}",Provides a small deterministic interchange grammar.,Implemented + tested
M332,Vector art,Builder sequencing guard,Drawing commands are rejected until a subpath has an explicit move command.,draw => has_current_point,Prevents malformed path state during procedural authoring.,Implemented + tested
M333,Vector art,Named gradient resources,Paint strings may reference validated linear or radial gradients local to an asset.,"paint=""@""+gradient_id",Avoids duplicated color-stop data across paths.,Implemented + tested
M334,Vector art,Adaptive quadratic flattening,Quadratic segments recursively subdivide until midpoint deviation is within tolerance.,"err(mid, chord)<=epsilon",Produces inspection/collision-ready polylines from vector curves.,Implemented + tested
M335,Vector art,Adaptive cubic flattening,Cubic segments recursively subdivide against a caller-selected geometric tolerance.,max control deviation<=epsilon,Supports deterministic curve approximation without third-party geometry libraries.,Implemented + tested
M336,Vector art,Parametric primitive factories,"Rectangles, rounded rectangles, circles, polygons and stars compile to the common path/asset record.",primitive(params)->VectorAsset2D,Speeds practical game-asset creation and template generation.,Implemented + tested
M337,Vector art,Deterministic SVG materialization,An asset is written as stable SVG path/defs records with logical viewBox and optional background.,svg=emit(canonical(asset)),Provides portable inspection and artwork interchange.,Implemented + tested
M338,Collision and physics,AABB shape contract,An axis-aligned box stores finite minimum/maximum corners and exposes bounds/translation operations.,"A=[xmin,xmax]x[ymin,ymax]","Base collider, camera bound and tile collision primitive.",Implemented + tested
M339,Collision and physics,Circle shape contract,A circle stores finite center and positive radius with exact AABB bounds.,||x-c||<=r,"Compact player, pickup and hazard collider.",Implemented + tested
M340,Collision and physics,Convex SAT manifold,Convex polygons are tested on edge-normal axes and return minimum-overlap normals.,overlap=min_axes interval_overlap,Provides penetration and direction for convex response.,Implemented + tested
M341,Collision and physics,Mixed-shape manifold dispatch,"AABB, circle and convex polygon pairs dispatch to typed narrow-phase routines with normal reversal as needed.","manifold=collide(shape_a,shape_b)",Keeps gameplay collision code shape-agnostic.,Implemented + tested
M342,Collision and physics,Layer and mask filtering,Two colliders interact only when each layer is accepted by the other mask.,(La & Mb)!=0 and (Lb & Ma)!=0,"Separates players, world, pickups, hazards and custom groups.",Implemented + tested
M343,Collision and physics,Sensor contact semantics,Sensor colliders create lifecycle contacts but skip positional and impulse resolution.,sensor => event and not solve,"Supports pickups, triggers and non-blocking zones.",Implemented + tested
M344,Collision and physics,Swept AABB time of impact,A moving AABB computes slab entry/exit times against a static target over a displacement.,t_enter=max(axis entries),Offers a continuous query for fast box motion.,Implemented + tested
M345,Collision and physics,Spatial-hash broad phase,Shape bounds are inserted into deterministic fixed-size cells for query and candidate-pair generation.,cell=floor(position/cell_size),Reduces all-pairs collision work for 2D scenes.,Implemented + tested
M346,Input,Action-oriented input map,Gameplay reads named scalar actions rather than raw device events.,action=sum(binding samples),Decouples game logic from keyboard/gamepad/touch details.,Implemented + tested
M347,Input,Multi-device binding record,"Bindings cover keys, pointer buttons/axes, gamepad buttons/axes and touch axes.","binding=(kind,code,scale,device)","One project supports desktop, controller and mobile controls.",Implemented + tested
M348,Input,Deadzone and clamp response,Resolved action values apply signed deadzone remapping and optional unit-range clamping.,v=0 if |v|<d else remap(v),Prevents drift while retaining analog control.,Implemented + tested
M349,Input,Action edge classification,"Current and previous values classify down, pressed and released states by action threshold.",pressed=|v_t|>=q and |v_t-1|<q,Provides deterministic button-edge gameplay.,Implemented + tested
M350,Input,Normalized movement vector,Two scalar actions form a vector whose magnitude is capped at one.,"u=v/max(1,||v||)",Prevents faster diagonal movement.,Implemented + tested
M351,Input,Input frame recording,"Resolved frames serialize with values, prior values, thresholds, pointer position and frame index.",log=[InputFrame_t],Supports reproducible tests and replay-oriented tooling.,Implemented + tested
M352,Animation,Strict keyframe track ordering,Track key times must be finite and strictly increasing.,t_i<t_i+1,Eliminates ambiguous interpolation intervals.,Implemented + tested
M353,Animation,Named easing functions,"Interpolation uses validated linear, smooth, polynomial, sine, back and bounce easing curves.","value=lerp(a,b,ease(t))",Gives reusable motion profiles without code generation.,Implemented + tested
M354,Animation,"Once, loop and ping-pong clocks",Clip-local time maps global playback time through declared boundary behavior.,"tau=map_mode(t,duration)",Supports repeated and reversible animation deterministically.,Implemented + tested
M355,Animation,Sample-map crossfade,Two clip samples blend common property paths and preserve one-sided properties.,sample=(1-alpha)A+alpha B,Allows smooth animation transitions.,Implemented + tested
M356,Animation,Predicate transition state machine,Ordered predicates choose state transitions with optional crossfade durations.,state_next=first_true(transitions),Separates gameplay parameters from clip selection.,Implemented + tested
M357,Animation,Nested property-path application,Sample keys address nested mappings through dot-separated paths.,"set(target,path,value)",Connects generic clips to serialized component records.,Implemented + tested
M358,Tilemaps,Named tile definition registry,"Tile IDs map to stable name, solidity, movement cost and metadata.",tile_id->definition,Centralizes gameplay meaning for map cells.,Implemented + tested
M359,Tilemaps,Layered fixed-grid map,Multiple same-sized layers store tile IDs over shared origin and tile size.,"map=(W,H,s,origin,layers)","Supports collision, decoration and gameplay overlays.",Implemented + tested
M360,Tilemaps,ASCII map import,Characters map to tile IDs while rectangularity and unknown symbols are validated.,char_grid + legend -> TileLayer,Makes small level prototypes easy to author and diff.,Implemented + tested
M361,Tilemaps,World/grid coordinate conversion,Map origin and tile size define reversible cell-center/world transformations.,world=origin+(cell+0.5)*size,Connects pathfinding and entity placement.,Implemented + tested
M362,Tilemaps,Cost-aware A-star pathfinding,A* searches non-solid cells with optional diagonals and tile movement costs.,f(n)=g(n)+h(n),Provides dependency-free navigation for grid games.,Implemented + tested
M363,Tilemaps,Merged solid collision rectangles,Contiguous compatible solid cells merge into maximal axis-aligned rectangles.,solid cells -> disjoint AABBs,Reduces collider count for tile-based levels.,Implemented + tested
M364,Procedural audio,Equal-tempered note parser,Scientific note names map to frequency relative to configurable A4.,f=440*2^((midi-69)/12),Enables musical cue authoring without sampled assets.,Implemented + tested
M365,Procedural audio,ADSR envelope record,"Attack, decay, sustain and release values are validated as finite non-negative controls.",gain(t)=ADSR(t),Shapes Web Audio oscillator cues.,Implemented + tested
M366,Procedural audio,Serializable sound cue,"A cue combines waveform, frequency/sweep, duration, volume, noise and envelope.","cue=(osc,f0,f1,T,V,N,env)",Creates compact effects with no network assets.,Implemented + tested
M367,Procedural audio,Beat sequence scheduler,Cue references are placed at beats under a declared BPM and sequence length.,time=60*beat/BPM,Provides lightweight procedural music loops.,Implemented + tested
M368,Procedural audio,Cross-reference audio bank,Cue and sequence IDs are unique and sequence cue references are validated.,forall note: cue_id in bank,Prevents broken browser audio references.,Implemented + tested
M369,Game world,Entity/component composition,"Entities combine stable IDs, tags, active state, metadata and typed or custom components.","entity=(id,tags,components,active,meta)",Provides data-driven scene/gameplay composition.,Implemented + tested
M370,Game world,Fixed-step deterministic clock,World time advances only by a declared positive fixed delta.,tick<-tick+1; time=tick*dt,Supports repeatable headless simulation.,Implemented + tested
M371,Game world,Ordered extensible system phases,Custom systems register in named phases with priority and stable-name ordering.,"order=(phase,priority,name)",Allows project-specific gameplay without modifying core integration.,Implemented + tested
M372,Game world,"Dynamic, kinematic and static bodies",Body type controls inverse mass and integration while retaining common velocity/material records.,inv_mass=1/m if dynamic else 0,"Supports players, moving hazards and level geometry.",Implemented + tested
M373,Game world,Collision lifecycle events,"Current and prior contact sets produce enter, stay and exit events with ordered pair IDs.",enter=C_t\C_t-1; exit=C_t-1\C_t,Provides deterministic triggers and gameplay hooks.,Implemented + tested
M374,Game world,Action-driven player controller and dash,Movement actions set velocity and an edge-triggered dash applies duration/cooldown state.,v=speed*u or dash_speed*d,Provides a ready-to-use arcade controller.,Implemented + tested
M375,Game world,"Health, hazard cooldown and knockback",Hazards apply bounded damage and directional knockback subject to per-target cooldown.,"H<-max(0,H-D); v<-v+k*n",Implements reusable damage interactions.,Implemented + tested
M376,Game world,Collectible state transaction,"Sensor contact increments a declared state key, emits an event and may defer entity destruction.",state[k]<-state[k]+points,Implements score/items without unsafe mutation during collision iteration.,Implemented + tested
M377,Game world,"Lifetime, bounds and camera services","Components provide timed despawn, clamp/bounce/wrap constraints and smoothed bounded following.","x_cam<-lerp_exp(x_cam,x_target,dt)",Covers common 2D game-loop utilities.,Implemented + tested
M378,Game world,"Canonical snapshot, hash and save/load",World state serializes with schema and canonical numeric normalization for stable SHA-256 identity.,h=SHA256(canonical(snapshot_without_events)),"Supports regression tests, persistence and divergence checks.",Implemented + tested
M379,Project and export,Versioned game-project schema,Project records declare the `ugts-kc-game-project-3.9` schema and runtime metadata.,"project=(meta,display,input,assets,audio,maps,scenes,build)",Creates one source of truth for tools and runtimes.,Implemented + tested
M380,Project and export,Aggregated cross-reference validation,Validation collects independent structural and asset/audio/tilemap reference issues with paths.,"report=(issues,metrics,passed)",Improves actionable authoring feedback.,Implemented + tested
M381,Project and export,Scene-to-world instantiation,A scene deep-copies initial state and reconstructs entity components into a fresh world.,instantiate(scene)->GameWorld,Connects editable project data to simulation.,Implemented + tested
M382,Project and export,Canonical project content hash,Sorted normalized project JSON is hashed for reproducible build identity.,h_project=SHA256(canonical(project)),Links source project to build reports.,Implemented + tested
M383,Project and export,Project scaffolding command,CLI templates create blank or full game projects with optional immediate browser build.,ugts-kc new|demo,Reduces setup friction for practical use.,Implemented + tested
M384,Project and export,Headless simulation command,CLI simulation feeds declared action values for a selected step count and reports state hash.,ugts-kc simulate project --steps N,Supports CI smoke tests without a browser.,Implemented + tested
M385,Project and export,Batch vector SVG export,Every project vector asset can be materialized to an individual SVG file.,ugts-kc export-svg,Supports art review and external tooling.,Implemented + tested
M386,Project and export,Single-file HTML5 build,"Project data, CSS and runtime JavaScript can be emitted into one offline-playable HTML file.",build(project)->index.html,Enables frictionless sharing and static hosting.,Implemented + tested
M387,Project and export,Split JavaScript bundle build,The same exporter may emit runtime JavaScript as a separate file while retaining build hashes.,single_file=false -> kc-runtime.js,Supports stricter hosting and debugging workflows.,Implemented + tested
M388,Project and export,Canvas vector presentation runtime,"Browser paths, gradients, transforms, camera and z-order are rendered directly from project records.","frame=Canvas2D(project,world,camera)",Turns authored vector assets into live game visuals.,Implemented + syntax-validated
M389,Project and export,Browser gameplay shell,"The generated runtime integrates fixed-step play, keyboard/gamepad/touch, audio, particles, HUD, pause/restart, local saves and diagnostics.",HTML5Game=simulation+presentation+I/O,Provides an actually playable dependency-free deployment target.,Implemented + tested/syntax-validated
M390,Mobile 3D project,Serializable mobile-3D project identity,"A versioned JSON root binds meshes, materials, nodes, camera, light, world, quality tiers and Android targets.","project=(assets,nodes,view,world,quality,targets)","Creates one inspectable authority record for Python, glTF and native packing.",Implemented + tested
M391,Mobile 3D project,Typed transform record,"Each node stores finite translation, normalized quaternion rotation and nonzero 3-axis scale.","T=(p,q,s), ||q||=1",Provides stable transform semantics across reference and native runtimes.,Implemented + tested
M392,Mobile 3D project,Quaternion normalization guard,Rotations reject zero quaternions and normalize valid values before matrix or simulation use.,q'=q/||q||,Prevents drift and invalid rotation matrices.,Implemented + tested
M393,Mobile 3D project,Indexed triangle mesh record,"Meshes use stable IDs, finite 3D vertices, triangle indices and optional per-vertex normals.","mesh=(id,V,F,N)",Shared source for glTF and KC3D391.,Implemented + tested
M394,Mobile 3D project,Deterministic normal synthesis,Missing vertex normals are accumulated from incident face cross products and normalized.,"n_i=normalize(sum cross(e1,e2))",Keeps primitive/custom meshes renderable without external libraries.,Implemented + tested
M395,Mobile 3D project,PBR-style material record,"Materials carry base color, metallic, roughness, emissive and double-sided state.","mat=(rgba,m,r,e,ds)",Maps into retained PBRMaterial and native shader uniforms.,Implemented + tested
M396,Mobile 3D project,Mobile collider contract,"Nodes select none, sphere or box collider records with validated dimensions and sensor state.","C in {none,S(r),B(h)}",Provides low-cost mobile collision proxies.,Implemented + tested
M397,Mobile 3D project,Node reference integrity,Validation requires each node mesh/material reference and node ID to be resolvable and unique.,node.mesh in MeshIDs and node.material in MaterialIDs,Prevents deployment-time dangling references.,Implemented + tested
M398,Mobile 3D project,Perspective camera contract,"Camera position/target/up, FOV and near/far planes are validated for nondegenerate projection.","P=perspective(fov,a,n,f)","Shared by CPU preview, glTF intent and GLES renderer.",Implemented + tested
M399,Mobile 3D project,Directional light contract,"A finite nonzero light direction, nonnegative color/intensity and bounded ambient term define mobile shading.","L=(d,c,I,A)",Feeds the dependency-free Lambert/rim native shader.,Implemented + tested
M400,Adaptive performance,Ordered quality tier,"Each tier declares target FPS, render scale, visible-node budget, MSAA, post and shadow level.","Q=(fps,s,N,aa,post,shadow)",Allows deterministic capability selection and runtime degradation.,Implemented + tested
M401,Android targeting,Versioned Android target profile,"A profile declares SDK levels, ABIs, GLES, refresh, memory floor, hints and default quality.","A=(sdk,abi,gles,hz,ram,hints,Q)",Separates device policy from scene/game content.,Implemented + tested
M402,Android targeting,POCO X7 Pro 12 GB signature profile,An ARM64 profile recognizes POCO X7 Pro/Mali-G720 hints and selects the 120 Hz ultra tier when capability floors pass.,"match(model,gpu,ram)->signature_ultra",Primary optimized target requested for this edition.,Implemented + host-tested; device profiling not claimed
M403,Android targeting,Generic high/balanced/compatibility profiles,"Fallback profiles cover high-end, mainstream and compatibility Android classes.","profile=f(ram,gles,hz,abi)",Keeps the same project deployable beyond one phone model.,Implemented + tested
M404,Android targeting,Capability score selection,"Runtime selection scores model/GPU hints, RAM, GLES and refresh support with deterministic tie-breaking.","p*=argmax score(p,device)",Picks a safe starting profile without hard failure on unknown phones.,Implemented + host-tested
M405,Android targeting,Explicit profile override,Build/runtime callers may request a named target instead of automatic scoring.,requested!=auto => p=requested,Supports reproducible benchmarks and device-specific variants.,Implemented + tested
M406,3D game oracle,Fixed-step 3D world,The reference world advances by an explicit fixed time step and sorted entity order.,t_k=k*dt,Provides deterministic gameplay fixtures independent of rendering.,Implemented + tested
M407,3D game oracle,Gravity integration,Dynamic velocity and position integrate a declared gravity vector per fixed step.,v+=g dt; p+=v dt,Basic arcade motion shared with the native demo.,Implemented + tested
M408,3D game oracle,Floor contact response,Collider vertical extent constrains dynamic nodes to the floor and applies bounded restitution.,y>=floor+extent,Provides stable grounding and bounce suppression.,Implemented + tested
M409,3D game oracle,World-bounds response,X/Z position is clamped to declared bounds and velocity reflects with restitution.,"p'=clamp(p,bounds); v'=-e v",Prevents mobile demo actors escaping the arena.,Implemented + tested
M410,3D game oracle,Sphere-proxy broad collision,Sphere and box colliders expose a bounding radius for deterministic pair testing.,hit iff ||pb-pa||<ra+rb,Keeps collision cost predictable for reference/gameplay use.,Implemented + tested
M411,3D game oracle,Impulse pair response,Penetrating dynamic pairs receive mass-weighted correction and normal impulse restitution.,j=-(1+e)vr/(invMa+invMb),Adds conventional arcade collision response without claiming a full rigid-body engine.,Implemented + tested
M412,3D game oracle,Player movement mapping,Normalized 2-axis input maps to X/Z velocity at a declared player speed.,v_xz=s*normalize(input),Shared semantics for headless tests and native controls.,Implemented + tested
M413,3D game oracle,Grounded jump gate,Jump velocity is applied only when the player is in grounded contact.,jump => grounded,Avoids unlimited airborne jumps in the reference loop.,Implemented + tested
M414,3D gameplay,Collectible tag behavior,Sensor overlap with a player despawns a collectible and increments score.,"overlap(player,collectible)=>score++",Provides a complete mobile gameplay loop.,Implemented + tested
M415,3D gameplay,Goal tag behavior,Player overlap with a goal marks the world finished and emits a goal event.,"overlap(player,goal)=>finished",Defines a deterministic completion condition.,Implemented + tested
M416,3D gameplay,Hazard tag behavior,Player overlap with a hazard decrements bounded health and emits damage.,"health=max(0,health-1)",Demonstrates tagged interaction semantics.,Implemented + tested
M417,3D game oracle,Canonical 3D snapshot hash,"World settings, sorted entities, state and events serialize to canonical JSON and SHA-256.",H=SHA256(canonical(snapshot)),Supports replay fixtures and deterministic regression checks.,Implemented + tested
M418,3D assets,Hard-normal cube primitive,A cube factory emits face-separated vertices and normals for crisp mobile shading.,"cube(size)->24 vertices,12 triangles",Provides a dependency-free production primitive.,Implemented + tested
M419,3D assets,Finite floor-plane primitive,A plane factory emits a Y-up quad with validated width/depth.,"plane(w,d)->4 vertices,2 triangles",Supplies arena ground geometry.,Implemented + tested
M420,3D assets,Pyramid primitive,A pyramid factory emits base/side triangles and synthesized normals.,"pyramid(s,h)->mesh",Adds low-cost stylized geometry.,Implemented + tested
M421,3D assets,UV-sphere primitive,"A latitude/longitude sphere factory emits positions, normals and valid indexed triangles.","sphere(r,segments,rings)->mesh","Supports player, collectibles and collider visualization.",Implemented + tested
M422,Interchange,Retained Scene conversion,Mobile projects convert to the existing 3.0 Scene/Asset/Node model without changing source authority.,Mobile3DProject->Scene,"Reuses established scene hashing, preview and export paths.",Implemented + tested
M423,Interchange,Mobile project glTF export,"The retained glTF writer materializes mobile meshes, nodes, transforms and PBR material mappings.",gltf=write_gltf(project.to_scene()),Provides external 3D inspection/interchange.,Implemented + tested
M424,Native scene pack,KC3D391 magic/version header,"Native packs start with an eight-byte magic, endian marker, format version and bounded record counts.","header=(KC3D391,0x01020304,v1,counts)",Enables early rejection of wrong or unsupported files.,Implemented + Python/C++ tested
M425,Native scene pack,Explicit endian marker,The pack declares little-endian encoding before numeric records.,marker=0x01020304,Makes byte-order assumptions testable.,Implemented + Python/C++ tested
M426,Native scene pack,Bounded UTF-8 string encoding,Strings use uint16 byte lengths and reject oversized/truncated records.,string=u16(n)+utf8[n],Avoids external serialization libraries and unbounded reads.,Implemented + Python/C++ tested
M427,Native scene pack,Interleaved mesh stream,Vertices store float32 position/normal pairs followed by uint32 indices.,"mesh=id+counts+[p,n]+indices",Uploads directly into GLES vertex/index buffers.,Implemented + Python/C++ tested
M428,Native scene pack,Material stream,"Materials serialize base color, metallic, roughness, emissive and double-sided state.",material=id+rgba+m+r+e+ds,Maps directly into native render uniforms.,Implemented + Python/C++ tested
M429,Native scene pack,Node stream,"Nodes serialize references, transforms, velocities, collider, mass, restitution and tag mask.","node=(refs,TRS,v,w,C,m,e,tags)",Carries scene and lightweight gameplay data into Android.,Implemented + Python/C++ tested
M430,Native scene pack,Structural pack inspector,"A Python reader verifies all sections, references, hashes and exact end-of-file consumption.",inspect(pack)->counts+hashes,Provides release evidence without Android tooling.,Implemented + tested
M431,Native Android,NativeActivity lifecycle shell,"The app uses Android native_app_glue callbacks for window, focus, input and destruction.",lifecycle->Engine state,Keeps managed-code dependencies out of the runtime core.,Implemented; Android build not executed here
M432,Native Android,C++20 NDK game core,"Scene loading, profile selection, fixed-step gameplay, rendering and input live in native C++.",app=NativeActivity+C++20,Delivers the requested native source target.,Implemented + host core tested
M433,Native rendering,EGL OpenGL ES 3 context,"The renderer selects an ES3 window configuration, creates EGL context/surface and enables swap pacing.","EGL(window,ES3)",Broad Android renderer baseline with no third-party engine.,Implemented; Android build not executed here
M434,Native rendering,Asset-loaded shader pipeline,GLSL ES 3 vertex/fragment shaders load from APK assets and compile/link with diagnostics.,"program=link(compile(vs),compile(fs))",Keeps shader source editable in the Android project.,Implemented + statically validated
M435,Native rendering,Depth and face-culling state,The renderer enables depth testing and material-aware back-face culling.,depth=LEQUAL; cull=BACK unless double-sided,Supports practical opaque 3D scenes.,Implemented; Android build not executed here
M436,Adaptive performance,Dynamic-resolution framebuffer,The scene renders to an offscreen color/depth target sized by quality render scale and blits to the surface.,R_int=s*R_display,Reduces fragment cost while preserving full-screen presentation.,Implemented; Android build not executed here
M437,Android targeting,Native frame-rate request,The runtime dynamically resolves ANativeWindow_setFrameRate and requests the selected target FPS.,"setFrameRate(window,fps)",Allows 120 Hz intent on supported displays while retaining older-device fallback.,Implemented; physical behavior not measured
M438,Native input,Touch virtual movement zone,Left-side touch displacement maps to bounded X/Z movement input.,move=clamp((touch-anchor)/radius),Provides controller-free phone play.,Implemented; Android build not executed here
M439,Native input,Orbit and pinch camera,Right drag adjusts yaw/pitch and two-pointer spacing adjusts camera distance.,"camera=(yaw,pitch,distance)",Supports direct mobile 3D inspection/play.,Implemented; Android build not executed here
M440,Native input,Keyboard and gamepad mapping,"WASD/D-pad, Space/A and joystick axes share the same movement/look state.",input=keyboard|gamepad|touch,Supports Android controllers and desktop/emulator testing.,Implemented; Android build not executed here
M441,Android targeting,Runtime device probe,"Model, manufacturer, GPU renderer, RAM, CPU cores, GLES and refresh hints feed profile selection.","device=probe(platform,GL)",Moves device tuning from compile-time assumptions into runtime policy.,Implemented + host selector tested
M442,Adaptive performance,Sustained FPS/thermal controller,Quality descends after sustained stress and recovers only after a longer comfortable interval.,Q_{k+1}=degrade/stay/recover,Avoids immediate oscillation and prioritizes thermal stability.,Implemented + Python/C++ tested
M443,Android build,POCO ARM64 product flavor,The POCO flavor limits output to arm64-v8a and forces the signature profile.,"flavor=pocoX7Pro, ABI=arm64",Produces a focused device-target source configuration.,Implemented + statically validated
M444,Android build,Universal Android product flavor,"The universal flavor includes arm64, ARMv7 and x86_64 with automatic profiles.","ABI in {arm64,armv7,x86_64}","Supports phones, older devices and emulators from one project.",Implemented + statically validated
M445,Android build,Pinned API/toolchain contract,"The source pins compile/target SDK 36, min SDK 26, AGP 8.13.2, Gradle 8.13 and NDK r29.","toolchain=(36,26,8.13.2,8.13,r29)",Makes reproducible Android setup requirements explicit.,Specified + statically validated
M446,Validation,Host-native core test,"The C++ pack parser, POCO profile selector and quality controller compile and execute on the release host.",clang++ core_tests && run(pack),Validates cross-language deployment logic without Android SDK claims.,Implemented + passed
M447,Validation,Android source build report,"Generated Android projects include a file/hash report, project hash, backend and toolchain metadata.",report=hash(files)+config,Supports auditing and regeneration.,Implemented + tested
M448,Future backend,Explicit Vulkan boundary,Manifest/project metadata reserve optional Vulkan capability while 3.9.1 stays GLES3.,backend_3.9.1=GLES3; Vulkan=TODO,Prevents an optional hook from becoming a false implementation claim.,Interface reserved; not implemented
M449,Future dimension,Explicit 4D design boundary,A draft distinguishes spacetime gameplay from four-spatial-dimensional geometry and requires metric/projection contracts.,"4D in {3D+t,R4}; runtime=TODO",Makes the requested 4D possibility actionable without overstating delivery.,Specified as TODO; not implemented
